<!DOCTYPE properties SYSTEM "http://java.sun.com/dtd/properties.dtd"><properties>    <comment>All parameters are Mandatory</comment>    <entry key="monitorPeriod">120</entry> <!-- Value is in minutes -->    <entry key="monitiorCycle">5</entry> <!-- Value is in minutes -->    <entry key="memoryThreshold">75</entry> <!-- Value is in percentage -->    <entry key="memoryViolationThreshold">25</entry> <!-- Value is in percentage -->    <entry key="cpuThreshold">50</entry> <!-- Value is in percentage -->    <entry key="cpuViolationThreshold">50</entry> <!-- Value is in percentage -->    <entry key="appTierPort">443</entry> <!-- Port Number to Download Certificate --></properties>