<?xml version="1.0" encoding="UTF-8"?>
<!DOCTYPE suite SYSTEM "http://testng.org/testng-1.0.dtd">
<suite name="UNUM Playbooks Suite" configfailurepolicy="continue">
<test name="Test Playbooks">
    <!-- Mandatory parameters -->
    <!-- VCF Manager parameters -->
    <parameter name="gatewayIp" value="10.110.0.1"></parameter>
    <parameter name="3rdpartyInbandIp" value="192.168.1.3/24"></parameter>
    <parameter name="6switchHostFile" value="src/test/resources/ans_hosts"></parameter>
    <parameter name="6switchVrrpCsvFile" value="src/test/resources/vrrp_l2_4vlans.csv"></parameter>
    <parameter name="6switchOspfCsvFile" value="src/test/resources/ospf6node.csv"></parameter>
    <parameter name="6switchBgpCsvFile" value="src/test/resources/bgp6node.csv"></parameter>
    <parameter name="playbookYml" value="src/test/resources/ansible/playbook/pn_test_l2_vrrp.yml,src/test/resources/ansible/playbook/pn_test_l3_vrrp_ospf.yml,src/test/resources/ansible/playbook/pn_test_l3_vrrp_ebgp.yml"></parameter>
    <parameter name="playbookPy" value="src/test/resources/ansible/library/pn_test_ztp_l2.py,src/test/resources/ansible/library/pn_test_l2_vrrp.py,src/test/resources/ansible/library/pn_test_ztp_l3.py,src/test/resources/ansible/library/pn_test_l3_vrrp.py,src/test/resources/ansible/library/pn_test_ebgp_ospf.py,src/test/resources/ansible/library/pn_vrouter_ping_test.py"></parameter>
    <parameter name= "switchIp" value=""></parameter>
    <parameter name="1switchHostFile" value="src/test/resources/ureg-spines-host-1switch"></parameter>
    <parameter name="1switchVlanCsvFile" value="src/test/resources/l2vrrp-vlan-1switch.csv"></parameter>
    <parameter name="sviCsvFile" value="src/test/resources/svi.csv"></parameter>
    <parameter name="2switchHostFile" value="src/test/resources/ureg-spines-host"></parameter>
    <parameter name="2switchVlanCsvFile" value="src/test/resources/l2vrrp-vlan.csv"></parameter>
    <parameter name="2switchVrrpCsvFile" value="src/test/resources/l2vrrp-vrrp.csv"></parameter>
    <parameter name="2switchOspfCsvFile" value="src/test/resources/ospfCsvFile.csv"></parameter>
    <parameter name="2switchBgpCsvFile" value="src/test/resources/bgpCsvFile.csv"></parameter>
    <parameter name="1switchTrunkCsvFile" value="src/test/resources/1switchTrunksCsvFile.csv"></parameter>
    <parameter name="2switchTrunkCsvFile" value="src/test/resources/2switchTrunksCsvFile.csv"></parameter>
    <parameter name="2switchVlagCsvFile" value="src/test/resources/vlagCsvFile.csv"></parameter>
    <parameter name="CollectorName" value="gui-regression-3-O"></parameter>
    <classes>
      <class name="com.pluribus.vcf.test.NetvisorFabricVRRPand3rdPartyPlaybook"/>
      <class name="com.pluribus.vcf.test.NetvisorFabricOSPFand3rdPartyPlaybook"/>
      <class name="com.pluribus.vcf.test.NetvisorFabricEBGPand3rdPartyPlaybook"/>
      <class name="com.pluribus.vcf.test.NetvisorEnterprisePlaybooks"/>
    </classes>
  </test> <!-- Test -->
</suite> <!-- Suite -->

