<?xml version="1.0" encoding="UTF-8"?>
<!DOCTYPE suite SYSTEM "http://testng.org/testng-1.0.dtd">
<suite name="Smoke Suite" configfailurepolicy="continue">
  <test name="Test">
    <!-- Mandatory parameters -->
    <parameter name="switchNames" value="ureg-dlspine1 ureg-9kleaf1 ureg-9kleaf3" />
    <parameter name="switchUserName" value="network-admin"/>
    <parameter name="switchPassword" value="test123"/>
    <parameter name="mgmtIp" value="10.110.0.180"/>
    <parameter name="iperfClientName" value="ureg-host2"/>
    <parameter name="iperfServerName" value="ureg-host1"/>
    <parameter name="CollectorName" value="unum-pcap"/>
    <parameter name="jsonPcap" value="src/test/resources/mirrors_tests.json"/>
    <parameter name="fabricName" value="pcap-test"/>
    <parameter name="customTagFileInvalid"
			value="src/test/resources/CustomTagInvalid.csv" />
		<parameter name="customTagFileValid"
			value="src/test/resources/CustomTagvalidPCAP.csv" />
		<parameter name="customTagFileXMLInvalid"
			value="src/test/resources/CustomTagInvalid.xml" />
		<parameter name="customTagFileXMLValid"
			value="src/test/resources/CustomTagvalidPCAP.xml" />
		<parameter name="PCAP_Http"
			value="src/test/resources/PCAP/http.pcap" />
	<!-- NOTE: Additional optional parameters are:
	<parameter name="dataNodeHost" value="10.9.8.85"></parameter>
	<parameter name = "password" value="value_to_be_set_for_vcfc_instance"></parameter>
	<parameter name= "bsUserId" value="BS_uid"></parameter>
	<parameter name= "bsKey" value="BS_Key"></parameter>
	<parameter name="collectorName" value="coll1"></parameter>
	<parameter name= "pcapName" value="pcap1"></parameter>
	<parameter name= "flowName" value="flow1"></parameter>
	//Currently these optional parameters are being set to default values if the user doesn't specify them.
   END OF NOTE -->
    <classes>
      <class name="com.pluribus.vcf.test.PcapTestSetup"/>
    </classes>
  </test> <!-- Test -->
</suite> <!-- Suite -->

