<?xml version="1.0" encoding="UTF-8"?>
<!DOCTYPE suite SYSTEM "http://testng.org/testng-1.0.dtd">
<suite name="VCF Manager Suite">
<test name="VCF Manager 6 node playbooks">
    <!-- VCF Manager parameters -->
    <parameter name="gatewayIp" value="10.110.0.1"></parameter>
    <parameter name="hostFile" value="src/test/resources/ans_hosts"></parameter>
    <parameter name="vrrpCsvFile" value="src/test/resources/vrrp_l2_4vlans.csv"></parameter>
    <parameter name="ospfCsvFile" value="src/test/resources/ospf6node.csv"></parameter>
    <parameter name="bgpCsvFile" value="src/test/resources/bgp6node.csv"></parameter>
	<parameter name="CollectorName" value="gui-regression-3-O"></parameter>
    <parameter name="playbookYml" value="src/test/resources/ansible/playbook/pn_test_l2_vrrp.yml,src/test/resources/ansible/playbook/pn_test_l3_vrrp_ospf.yml,src/test/resources/ansible/playbook/pn_test_l3_vrrp_ebgp.yml,src/test/resources/ansible/playbook/cli_vault.yml"></parameter>
    <parameter name="playbookPy" value="src/test/resources/ansible/library/pn_test_ztp_l2.py,src/test/resources/ansible/library/pn_test_l2_vrrp.py,src/test/resources/ansible/library/pn_test_ztp_l3.py,src/test/resources/ansible/library/pn_test_l3_vrrp.py,src/test/resources/ansible/library/pn_test_ebgp_ospf.py,src/test/resources/ansible/library/pn_vrouter_ping_test.py"></parameter>    
    <classes>
      <class name="com.pluribus.vcf.test.VcfMgr"/>
      <class name="com.pluribus.vcf.test.VcfMgrSixSwitch"/>
    </classes>
  </test> <!-- Test -->
</suite> <!-- Suite -->
