<?xml version="1.0" encoding="UTF-8"?>
<!DOCTYPE suite SYSTEM "http://testng.org/testng-1.0.dtd">
<suite name="VCF Manager Two Switch Suite">
<test name="Two Switch Playbook">
    <!-- Mandatory parameters -->
    <!-- VCF Manager parameters -->
    <parameter name= "switchIp" value=""></parameter>
    <parameter name="gatewayIp" value="10.110.0.1"></parameter>
    <parameter name="hostFile" value="src/test/resources/ureg-spines-host"></parameter>
    <parameter name="vlanCsvFile" value="src/test/resources/l2vrrp-vlan.csv"></parameter>
    <parameter name="vrrpCsvFile" value="src/test/resources/l2vrrp-vrrp.csv"></parameter>
    <parameter name="ospfCsvFile" value="src/test/resources/ospfCsvFile.csv"></parameter>
    <parameter name="bgpCsvFile" value="src/test/resources/bgpCsvFile.csv"></parameter>
    <parameter name="CollectorName" value="gui-regression-3-O"></parameter>
    <classes>
      <class name="com.pluribus.vcf.test.VcfMgrTwoSwitch"/>
    </classes>
  </test> <!-- Test -->
</suite> <!-- Suite -->
